hr,spo2,map,etco2,rr,bis,anomaly
74,99,82,36,12,47,0
75,99,83,36,12,46,0
76,99,82,35,12,47,0
77,98,81,35,12,46,0
78,98,80,34,13,45,0
80,97,79,33,13,44,0
82,96,78,32,14,44,1
85,94,77,31,15,43,1
88,92,76,30,16,42,1
90,90,75,29,17,41,1
92,89,74,28,18,40,1
89,91,75,29,17,41,1
86,93,76,30,16,42,1
83,95,77,31,15,43,1
80,97,78,32,14,44,0
78,98,79,33,13,45,0
77,99,80,34,12,46,0
76,99,81,35,12,47,0
75,99,82,35,12,47,0
74,99,83,36,12,48,0
73,99,84,36,11,48,0
74,99,83,36,11,47,0
75,99,82,35,12,47,0
76,98,81,35,12,46,0
